,id,name,album,artist,genres,related_artists,related_genres,release_date,duration_ms,popularity,acousticness,danceability,energy,instrumentalness,key,liveness,loudness,mode,speechiness,tempo,time_signature,valence
0,4sQdW03IQh3tsZeBELdt5G,Foxey Lady,Are You Experienced,Jimi Hendrix,classic rock/acid rock/album rock/psychedelic rock/proto-metal/rock/hard rock,Rory Gallagher/Jefferson Airplane/The Doors/Traffic/Janis Joplin/The Animals/Jim Morrison/Free/The Yardbirds/Allman Brothers Band/Albert King/Big Brother & The Holding Company/Freddie King/Stevie Ray Vaughan/Ten Years After/Derek & The Dominos/Cream/Canned Heat/John Mayall & The Bluesbreakers/Steppenwolf,progressive rock/folk/country rock/mellow gold/singer-songwriter/british invasion/texas blues/roots rock/classic canadian rock/jam band/protopunk/traditional blues/heartland rock/art rock/soul blues/folk rock/british blues/symphonic rock/supergroup/soft rock/electric blues/blues rock/memphis soul/blues/instrumental rock/southern rock,1967-05-12,199186,46,0.0612,0.507,0.851,0.157,4,0.371,-5.995,1,0.0386,98.061,4,0.587
1,6DRtSttaJsE8fstgTRll3p,Manic Depression,Are You Experienced,Jimi Hendrix,classic rock/acid rock/album rock/psychedelic rock/proto-metal/rock/hard rock,Rory Gallagher/Jefferson Airplane/The Doors/Traffic/Janis Joplin/The Animals/Jim Morrison/Free/The Yardbirds/Allman Brothers Band/Albert King/Big Brother & The Holding Company/Freddie King/Stevie Ray Vaughan/Ten Years After/Derek & The Dominos/Cream/Canned Heat/John Mayall & The Bluesbreakers/Steppenwolf,progressive rock/folk/country rock/mellow gold/singer-songwriter/british invasion/texas blues/roots rock/classic canadian rock/jam band/protopunk/traditional blues/heartland rock/art rock/soul blues/folk rock/british blues/symphonic rock/supergroup/soft rock/electric blues/blues rock/memphis soul/blues/instrumental rock/southern rock,1967-05-12,222226,40,0.0132,0.351,0.969,0.0619,1,0.151,-4.924,1,0.129,149.687,3,0.747
2,7bbf6izisrvlYdFVGeV8q9,Red House,Are You Experienced,Jimi Hendrix,classic rock/acid rock/album rock/psychedelic rock/proto-metal/rock/hard rock,Rory Gallagher/Jefferson Airplane/The Doors/Traffic/Janis Joplin/The Animals/Jim Morrison/Free/The Yardbirds/Allman Brothers Band/Albert King/Big Brother & The Holding Company/Freddie King/Stevie Ray Vaughan/Ten Years After/Derek & The Dominos/Cream/Canned Heat/John Mayall & The Bluesbreakers/Steppenwolf,progressive rock/folk/country rock/mellow gold/singer-songwriter/british invasion/texas blues/roots rock/classic canadian rock/jam band/protopunk/traditional blues/heartland rock/art rock/soul blues/folk rock/british blues/symphonic rock/supergroup/soft rock/electric blues/blues rock/memphis soul/blues/instrumental rock/southern rock,1967-05-12,224453,43,0.587,0.36,0.532,0.0777,11,0.185,-5.993,1,0.143,198.958,3,0.43
3,2RUGdg80MApSer2rx7JrZr,Can You See Me,Are You Experienced,Jimi Hendrix,classic rock/acid rock/album rock/psychedelic rock/proto-metal/rock/hard rock,Rory Gallagher/Jefferson Airplane/The Doors/Traffic/Janis Joplin/The Animals/Jim Morrison/Free/The Yardbirds/Allman Brothers Band/Albert King/Big Brother & The Holding Company/Freddie King/Stevie Ray Vaughan/Ten Years After/Derek & The Dominos/Cream/Canned Heat/John Mayall & The Bluesbreakers/Steppenwolf,progressive rock/folk/country rock/mellow gold/singer-songwriter/british invasion/texas blues/roots rock/classic canadian rock/jam band/protopunk/traditional blues/heartland rock/art rock/soul blues/folk rock/british blues/symphonic rock/supergroup/soft rock/electric blues/blues rock/memphis soul/blues/instrumental rock/southern rock,1967-05-12,152826,36,0.219,0.571,0.816,0.136,6,0.357,-5.441,0,0.0461,134.277,4,0.921
4,1fbK6qvv0PghESZsg0Kasi,Love Or Confusion,Are You Experienced,Jimi Hendrix,classic rock/acid rock/album rock/psychedelic rock/proto-metal/rock/hard rock,Rory Gallagher/Jefferson Airplane/The Doors/Traffic/Janis Joplin/The Animals/Jim Morrison/Free/The Yardbirds/Allman Brothers Band/Albert King/Big Brother & The Holding Company/Freddie King/Stevie Ray Vaughan/Ten Years After/Derek & The Dominos/Cream/Canned Heat/John Mayall & The Bluesbreakers/Steppenwolf,progressive rock/folk/country rock/mellow gold/singer-songwriter/british invasion/texas blues/roots rock/classic canadian rock/jam band/protopunk/traditional blues/heartland rock/art rock/soul blues/folk rock/british blues/symphonic rock/supergroup/soft rock/electric blues/blues rock/memphis soul/blues/instrumental rock/southern rock,1967-05-12,193293,35,0.0133,0.266,0.884,0.913,7,0.0846,-4.03,1,0.0648,110.468,4,0.495
5,2z7kBHh4EQmY8OsD5JfxKk,I Don't Live Today,Are You Experienced,Jimi Hendrix,classic rock/acid rock/album rock/psychedelic rock/proto-metal/rock/hard rock,Rory Gallagher/Jefferson Airplane/The Doors/Traffic/Janis Joplin/The Animals/Jim Morrison/Free/The Yardbirds/Allman Brothers Band/Albert King/Big Brother & The Holding Company/Freddie King/Stevie Ray Vaughan/Ten Years After/Derek & The Dominos/Cream/Canned Heat/John Mayall & The Bluesbreakers/Steppenwolf,progressive rock/folk/country rock/mellow gold/singer-songwriter/british invasion/texas blues/roots rock/classic canadian rock/jam band/protopunk/traditional blues/heartland rock/art rock/soul blues/folk rock/british blues/symphonic rock/supergroup/soft rock/electric blues/blues rock/memphis soul/blues/instrumental rock/southern rock,1967-05-12,235040,34,0.00464,0.347,0.919,0.902,9,0.0699,-4.791,1,0.119,111.554,4,0.426
6,7jDhN4HgZjrirHMo3fofn3,May This Be Love,Are You Experienced,Jimi Hendrix,classic rock/acid rock/album rock/psychedelic rock/proto-metal/rock/hard rock,Rory Gallagher/Jefferson Airplane/The Doors/Traffic/Janis Joplin/The Animals/Jim Morrison/Free/The Yardbirds/Allman Brothers Band/Albert King/Big Brother & The Holding Company/Freddie King/Stevie Ray Vaughan/Ten Years After/Derek & The Dominos/Cream/Canned Heat/John Mayall & The Bluesbreakers/Steppenwolf,progressive rock/folk/country rock/mellow gold/singer-songwriter/british invasion/texas blues/roots rock/classic canadian rock/jam band/protopunk/traditional blues/heartland rock/art rock/soul blues/folk rock/british blues/symphonic rock/supergroup/soft rock/electric blues/blues rock/memphis soul/blues/instrumental rock/southern rock,1967-05-12,191133,36,0.207,0.517,0.609,0.148,8,0.105,-9.309,1,0.0682,95.38,4,0.482
7,72wtjcPwWVpP4PVcNcl30v,Fire,Are You Experienced,Jimi Hendrix,classic rock/acid rock/album rock/psychedelic rock/proto-metal/rock/hard rock,Rory Gallagher/Jefferson Airplane/The Doors/Traffic/Janis Joplin/The Animals/Jim Morrison/Free/The Yardbirds/Allman Brothers Band/Albert King/Big Brother & The Holding Company/Freddie King/Stevie Ray Vaughan/Ten Years After/Derek & The Dominos/Cream/Canned Heat/John Mayall & The Bluesbreakers/Steppenwolf,progressive rock/folk/country rock/mellow gold/singer-songwriter/british invasion/texas blues/roots rock/classic canadian rock/jam band/protopunk/traditional blues/heartland rock/art rock/soul blues/folk rock/british blues/symphonic rock/supergroup/soft rock/electric blues/blues rock/memphis soul/blues/instrumental rock/southern rock,1967-05-12,165106,41,0.00156,0.486,0.944,0.0213,9,0.319,-5.119,1,0.122,153.462,4,0.577
8,73ZOw1zRRlEbEdGPgBjA01,Third Stone From The Sun,Are You Experienced,Jimi Hendrix,classic rock/acid rock/album rock/psychedelic rock/proto-metal/rock/hard rock,Rory Gallagher/Jefferson Airplane/The Doors/Traffic/Janis Joplin/The Animals/Jim Morrison/Free/The Yardbirds/Allman Brothers Band/Albert King/Big Brother & The Holding Company/Freddie King/Stevie Ray Vaughan/Ten Years After/Derek & The Dominos/Cream/Canned Heat/John Mayall & The Bluesbreakers/Steppenwolf,progressive rock/folk/country rock/mellow gold/singer-songwriter/british invasion/texas blues/roots rock/classic canadian rock/jam band/protopunk/traditional blues/heartland rock/art rock/soul blues/folk rock/british blues/symphonic rock/supergroup/soft rock/electric blues/blues rock/memphis soul/blues/instrumental rock/southern rock,1967-05-12,404160,36,0.0229,0.218,0.763,0.771,2,0.274,-8.07,1,0.0571,84.087,3,0.422
9,3nCkf5CB7Xjy6VrfJQnUvB,Remember,Are You Experienced,Jimi Hendrix,classic rock/acid rock/album rock/psychedelic rock/proto-metal/rock/hard rock,Rory Gallagher/Jefferson Airplane/The Doors/Traffic/Janis Joplin/The Animals/Jim Morrison/Free/The Yardbirds/Allman Brothers Band/Albert King/Big Brother & The Holding Company/Freddie King/Stevie Ray Vaughan/Ten Years After/Derek & The Dominos/Cream/Canned Heat/John Mayall & The Bluesbreakers/Steppenwolf,progressive rock/folk/country rock/mellow gold/singer-songwriter/british invasion/texas blues/roots rock/classic canadian rock/jam band/protopunk/traditional blues/heartland rock/art rock/soul blues/folk rock/british blues/symphonic rock/supergroup/soft rock/electric blues/blues rock/memphis soul/blues/instrumental rock/southern rock,1967-05-12,168640,33,0.04,0.735,0.771,0.0254,1,0.154,-5.523,1,0.0424,99.145,4,0.754
10,3YTTBONdXJOXMCQP7vvPuY,Are You Experienced?,Are You Experienced,Jimi Hendrix,classic rock/acid rock/album rock/psychedelic rock/proto-metal/rock/hard rock,Rory Gallagher/Jefferson Airplane/The Doors/Traffic/Janis Joplin/The Animals/Jim Morrison/Free/The Yardbirds/Allman Brothers Band/Albert King/Big Brother & The Holding Company/Freddie King/Stevie Ray Vaughan/Ten Years After/Derek & The Dominos/Cream/Canned Heat/John Mayall & The Bluesbreakers/Steppenwolf,progressive rock/folk/country rock/mellow gold/singer-songwriter/british invasion/texas blues/roots rock/classic canadian rock/jam band/protopunk/traditional blues/heartland rock/art rock/soul blues/folk rock/british blues/symphonic rock/supergroup/soft rock/electric blues/blues rock/memphis soul/blues/instrumental rock/southern rock,1967-05-12,254173,36,0.0265,0.399,0.769,0.00973,8,0.2,-6.728,1,0.125,82.821,4,0.435
11,0OQcEcs36ckWOB1nywhmBV,Hey Joe,Are You Experienced,Jimi Hendrix,classic rock/acid rock/album rock/psychedelic rock/proto-metal/rock/hard rock,Rory Gallagher/Jefferson Airplane/The Doors/Traffic/Janis Joplin/The Animals/Jim Morrison/Free/The Yardbirds/Allman Brothers Band/Albert King/Big Brother & The Holding Company/Freddie King/Stevie Ray Vaughan/Ten Years After/Derek & The Dominos/Cream/Canned Heat/John Mayall & The Bluesbreakers/Steppenwolf,progressive rock/folk/country rock/mellow gold/singer-songwriter/british invasion/texas blues/roots rock/classic canadian rock/jam band/protopunk/traditional blues/heartland rock/art rock/soul blues/folk rock/british blues/symphonic rock/supergroup/soft rock/electric blues/blues rock/memphis soul/blues/instrumental rock/southern rock,1967-05-12,210000,52,0.00422,0.351,0.764,0.441,9,0.0197,-5.624,1,0.0366,166.656,4,0.504
12,544FmlHVkzNrnkmCfYHLVb,Stone Free,Are You Experienced,Jimi Hendrix,classic rock/acid rock/album rock/psychedelic rock/proto-metal/rock/hard rock,Rory Gallagher/Jefferson Airplane/The Doors/Traffic/Janis Joplin/The Animals/Jim Morrison/Free/The Yardbirds/Allman Brothers Band/Albert King/Big Brother & The Holding Company/Freddie King/Stevie Ray Vaughan/Ten Years After/Derek & The Dominos/Cream/Canned Heat/John Mayall & The Bluesbreakers/Steppenwolf,progressive rock/folk/country rock/mellow gold/singer-songwriter/british invasion/texas blues/roots rock/classic canadian rock/jam band/protopunk/traditional blues/heartland rock/art rock/soul blues/folk rock/british blues/symphonic rock/supergroup/soft rock/electric blues/blues rock/memphis soul/blues/instrumental rock/southern rock,1967-05-12,216306,35,0.016,0.548,0.837,0.000118,2,0.205,-5.604,1,0.0541,133.701,4,0.841
13,20US4JIykUvnFpxMXp0lWv,Purple Haze,Are You Experienced,Jimi Hendrix,classic rock/acid rock/album rock/psychedelic rock/proto-metal/rock/hard rock,Rory Gallagher/Jefferson Airplane/The Doors/Traffic/Janis Joplin/The Animals/Jim Morrison/Free/The Yardbirds/Allman Brothers Band/Albert King/Big Brother & The Holding Company/Freddie King/Stevie Ray Vaughan/Ten Years After/Derek & The Dominos/Cream/Canned Heat/John Mayall & The Bluesbreakers/Steppenwolf,progressive rock/folk/country rock/mellow gold/singer-songwriter/british invasion/texas blues/roots rock/classic canadian rock/jam band/protopunk/traditional blues/heartland rock/art rock/soul blues/folk rock/british blues/symphonic rock/supergroup/soft rock/electric blues/blues rock/memphis soul/blues/instrumental rock/southern rock,1967-05-12,171666,51,0.0068,0.527,0.891,0.723,2,0.0618,-5.209,1,0.0759,108.57,4,0.458
14,7v21gImg3Mml9NpkRgWihX,51st Anniversary,Are You Experienced,Jimi Hendrix,classic rock/acid rock/album rock/psychedelic rock/proto-metal/rock/hard rock,Rory Gallagher/Jefferson Airplane/The Doors/Traffic/Janis Joplin/The Animals/Jim Morrison/Free/The Yardbirds/Allman Brothers Band/Albert King/Big Brother & The Holding Company/Freddie King/Stevie Ray Vaughan/Ten Years After/Derek & The Dominos/Cream/Canned Heat/John Mayall & The Bluesbreakers/Steppenwolf,progressive rock/folk/country rock/mellow gold/singer-songwriter/british invasion/texas blues/roots rock/classic canadian rock/jam band/protopunk/traditional blues/heartland rock/art rock/soul blues/folk rock/british blues/symphonic rock/supergroup/soft rock/electric blues/blues rock/memphis soul/blues/instrumental rock/southern rock,1967-05-12,196173,32,0.13,0.439,0.81,0.00948,11,0.0676,-4.835,0,0.0557,134.07,4,0.269
15,5ygQD0fcj0vRGx9KUBENtT,The Wind Cries Mary,Are You Experienced,Jimi Hendrix,classic rock/acid rock/album rock/psychedelic rock/proto-metal/rock/hard rock,Rory Gallagher/Jefferson Airplane/The Doors/Traffic/Janis Joplin/The Animals/Jim Morrison/Free/The Yardbirds/Allman Brothers Band/Albert King/Big Brother & The Holding Company/Freddie King/Stevie Ray Vaughan/Ten Years After/Derek & The Dominos/Cream/Canned Heat/John Mayall & The Bluesbreakers/Steppenwolf,progressive rock/folk/country rock/mellow gold/singer-songwriter/british invasion/texas blues/roots rock/classic canadian rock/jam band/protopunk/traditional blues/heartland rock/art rock/soul blues/folk rock/british blues/symphonic rock/supergroup/soft rock/electric blues/blues rock/memphis soul/blues/instrumental rock/southern rock,1967-05-12,200733,45,0.353,0.502,0.49,0.00806,10,0.23,-10.516,1,0.0502,79.383,4,0.302
16,5xx86iI1KjBEkw2AbQmu2r,Highway Chile,Are You Experienced,Jimi Hendrix,classic rock/acid rock/album rock/psychedelic rock/proto-metal/rock/hard rock,Rory Gallagher/Jefferson Airplane/The Doors/Traffic/Janis Joplin/The Animals/Jim Morrison/Free/The Yardbirds/Allman Brothers Band/Albert King/Big Brother & The Holding Company/Freddie King/Stevie Ray Vaughan/Ten Years After/Derek & The Dominos/Cream/Canned Heat/John Mayall & The Bluesbreakers/Steppenwolf,progressive rock/folk/country rock/mellow gold/singer-songwriter/british invasion/texas blues/roots rock/classic canadian rock/jam band/protopunk/traditional blues/heartland rock/art rock/soul blues/folk rock/british blues/symphonic rock/supergroup/soft rock/electric blues/blues rock/memphis soul/blues/instrumental rock/southern rock,1967-05-12,213480,35,0.276,0.435,0.938,0.000626,5,0.22,-3.674,0,0.141,138.528,4,0.652
17,0n2pjCIMKwHSXoYfEbYMfX,You Are The Sunshine Of My Life,Talking Book,Stevie Wonder,soul/motown,Sly & The Family Stone/Smokey Robinson & The Miracles/Gladys Knight & The Pips/The Isley Brothers/The Temptations/Bill Withers/Martha Reeves & The Vandellas/Roberta Flack/The Supremes/Commodores/Curtis Mayfield/The Jacksons/Wilson Pickett/Four Tops/Kool & The Gang/Al Green/The Spinners/Marvin Gaye/The O'Jays/Diana Ross,funk/psychedelic soul/quiet storm/philly soul/classic girl group/soul blues/mellow gold/southern soul/classic soul/funk rock/soft rock/memphis soul/chicago soul/neo soul/adult standards/p funk/northern soul/disco/vocal jazz,1972-10-28,178200,72,0.823,0.519,0.46,5.97e-05,11,0.243,-14.53,1,0.0688,132.082,4,0.675
18,0x3jYUWbnbygky6JSnoSpX,Maybe Your Baby,Talking Book,Stevie Wonder,soul/motown,Sly & The Family Stone/Smokey Robinson & The Miracles/Gladys Knight & The Pips/The Isley Brothers/The Temptations/Bill Withers/Martha Reeves & The Vandellas/Roberta Flack/The Supremes/Commodores/Curtis Mayfield/The Jacksons/Wilson Pickett/Four Tops/Kool & The Gang/Al Green/The Spinners/Marvin Gaye/The O'Jays/Diana Ross,funk/psychedelic soul/quiet storm/philly soul/classic girl group/soul blues/mellow gold/southern soul/classic soul/funk rock/soft rock/memphis soul/chicago soul/neo soul/adult standards/p funk/northern soul/disco/vocal jazz,1972-10-28,410533,42,0.209,0.5,0.446,9.28e-06,1,0.256,-13.55,1,0.0652,92.513,4,0.64
19,647D8WS57rPpIM1AXXHpHJ,You And I,Talking Book,Stevie Wonder,soul/motown,Sly & The Family Stone/Smokey Robinson & The Miracles/Gladys Knight & The Pips/The Isley Brothers/The Temptations/Bill Withers/Martha Reeves & The Vandellas/Roberta Flack/The Supremes/Commodores/Curtis Mayfield/The Jacksons/Wilson Pickett/Four Tops/Kool & The Gang/Al Green/The Spinners/Marvin Gaye/The O'Jays/Diana Ross,funk/psychedelic soul/quiet storm/philly soul/classic girl group/soul blues/mellow gold/southern soul/classic soul/funk rock/soft rock/memphis soul/chicago soul/neo soul/adult standards/p funk/northern soul/disco/vocal jazz,1972-10-28,278213,44,0.921,0.264,0.164,0.00124,6,0.112,-17.034,1,0.0333,122.018,4,0.0699
20,1nsoufODs1GSaPI9oV9X6T,Tuesday Heartbreak,Talking Book,Stevie Wonder,soul/motown,Sly & The Family Stone/Smokey Robinson & The Miracles/Gladys Knight & The Pips/The Isley Brothers/The Temptations/Bill Withers/Martha Reeves & The Vandellas/Roberta Flack/The Supremes/Commodores/Curtis Mayfield/The Jacksons/Wilson Pickett/Four Tops/Kool & The Gang/Al Green/The Spinners/Marvin Gaye/The O'Jays/Diana Ross,funk/psychedelic soul/quiet storm/philly soul/classic girl group/soul blues/mellow gold/southern soul/classic soul/funk rock/soft rock/memphis soul/chicago soul/neo soul/adult standards/p funk/northern soul/disco/vocal jazz,1972-10-28,182093,40,0.387,0.652,0.604,0.0,5,0.0615,-13.728,0,0.0589,103.955,4,0.789
21,57OXk0inzVWWphdygquXIy,You've Got It Bad Girl,Talking Book,Stevie Wonder,soul/motown,Sly & The Family Stone/Smokey Robinson & The Miracles/Gladys Knight & The Pips/The Isley Brothers/The Temptations/Bill Withers/Martha Reeves & The Vandellas/Roberta Flack/The Supremes/Commodores/Curtis Mayfield/The Jacksons/Wilson Pickett/Four Tops/Kool & The Gang/Al Green/The Spinners/Marvin Gaye/The O'Jays/Diana Ross,funk/psychedelic soul/quiet storm/philly soul/classic girl group/soul blues/mellow gold/southern soul/classic soul/funk rock/soft rock/memphis soul/chicago soul/neo soul/adult standards/p funk/northern soul/disco/vocal jazz,1972-10-28,297306,38,0.801,0.478,0.367,0.000784,4,0.196,-15.837,0,0.0392,113.021,4,0.389
22,4N0TP4Rmj6QQezWV88ARNJ,Superstition,Talking Book,Stevie Wonder,soul/motown,Sly & The Family Stone/Smokey Robinson & The Miracles/Gladys Knight & The Pips/The Isley Brothers/The Temptations/Bill Withers/Martha Reeves & The Vandellas/Roberta Flack/The Supremes/Commodores/Curtis Mayfield/The Jacksons/Wilson Pickett/Four Tops/Kool & The Gang/Al Green/The Spinners/Marvin Gaye/The O'Jays/Diana Ross,funk/psychedelic soul/quiet storm/philly soul/classic girl group/soul blues/mellow gold/southern soul/classic soul/funk rock/soft rock/memphis soul/chicago soul/neo soul/adult standards/p funk/northern soul/disco/vocal jazz,1972-10-28,266133,69,0.0598,0.611,0.578,0.0219,1,0.0983,-14.171,1,0.0676,100.625,4,0.884
23,5EQlqS41fwTJE40wtF1NGk,Big Brother,Talking Book,Stevie Wonder,soul/motown,Sly & The Family Stone/Smokey Robinson & The Miracles/Gladys Knight & The Pips/The Isley Brothers/The Temptations/Bill Withers/Martha Reeves & The Vandellas/Roberta Flack/The Supremes/Commodores/Curtis Mayfield/The Jacksons/Wilson Pickett/Four Tops/Kool & The Gang/Al Green/The Spinners/Marvin Gaye/The O'Jays/Diana Ross,funk/psychedelic soul/quiet storm/philly soul/classic girl group/soul blues/mellow gold/southern soul/classic soul/funk rock/soft rock/memphis soul/chicago soul/neo soul/adult standards/p funk/northern soul/disco/vocal jazz,1972-10-28,213506,37,0.527,0.59,0.327,1.16e-06,1,0.0935,-14.561,0,0.0422,104.177,4,0.677
24,65qWooYTj0dq5HzoV6P9Kt,Blame It On The Sun,Talking Book,Stevie Wonder,soul/motown,Sly & The Family Stone/Smokey Robinson & The Miracles/Gladys Knight & The Pips/The Isley Brothers/The Temptations/Bill Withers/Martha Reeves & The Vandellas/Roberta Flack/The Supremes/Commodores/Curtis Mayfield/The Jacksons/Wilson Pickett/Four Tops/Kool & The Gang/Al Green/The Spinners/Marvin Gaye/The O'Jays/Diana Ross,funk/psychedelic soul/quiet storm/philly soul/classic girl group/soul blues/mellow gold/southern soul/classic soul/funk rock/soft rock/memphis soul/chicago soul/neo soul/adult standards/p funk/northern soul/disco/vocal jazz,1972-10-28,205826,39,0.343,0.428,0.374,0.000601,8,0.124,-14.845,1,0.0447,72.049,4,0.132
25,5clXTCt9oU6WTo83zfTFzI,Lookin' For Another Pure Love,Talking Book,Stevie Wonder,soul/motown,Sly & The Family Stone/Smokey Robinson & The Miracles/Gladys Knight & The Pips/The Isley Brothers/The Temptations/Bill Withers/Martha Reeves & The Vandellas/Roberta Flack/The Supremes/Commodores/Curtis Mayfield/The Jacksons/Wilson Pickett/Four Tops/Kool & The Gang/Al Green/The Spinners/Marvin Gaye/The O'Jays/Diana Ross,funk/psychedelic soul/quiet storm/philly soul/classic girl group/soul blues/mellow gold/southern soul/classic soul/funk rock/soft rock/memphis soul/chicago soul/neo soul/adult standards/p funk/northern soul/disco/vocal jazz,1972-10-28,283493,38,0.724,0.588,0.271,4.3e-06,0,0.094,-15.762,1,0.0287,111.488,4,0.351
26,4P3R9J5VGPyAPx9T6ZXAcF,I Believe (When I Fall In Love It Will Be Forever),Talking Book,Stevie Wonder,soul/motown,Sly & The Family Stone/Smokey Robinson & The Miracles/Gladys Knight & The Pips/The Isley Brothers/The Temptations/Bill Withers/Martha Reeves & The Vandellas/Roberta Flack/The Supremes/Commodores/Curtis Mayfield/The Jacksons/Wilson Pickett/Four Tops/Kool & The Gang/Al Green/The Spinners/Marvin Gaye/The O'Jays/Diana Ross,funk/psychedelic soul/quiet storm/philly soul/classic girl group/soul blues/mellow gold/southern soul/classic soul/funk rock/soft rock/memphis soul/chicago soul/neo soul/adult standards/p funk/northern soul/disco/vocal jazz,1972-10-28,293066,51,0.374,0.441,0.441,1.35e-05,3,0.186,-13.361,1,0.0391,123.736,4,0.182
27,0lx2cLdOt3piJbcaXIV74f,willow,evermore,Taylor Swift,pop,Little Mix/Selena Gomez & The Scene/The 1975/Dua Lipa/Jonas Brothers/One Direction/Niall Horan/Camila Cabello/Alessia Cara/Selena Gomez/Halsey/Meghan Trainor/Louis Tomlinson/Troye Sivan/Demi Lovato/Harry Styles/Ariana Grande/Katy Perry/Fifth Harmony/5 Seconds of Summer,modern rock/dance pop/etherpop/boy band/electropop/viral pop/rock/girl group/australian pop/canadian pop/canadian contemporary r&b/indie poptimism/talent show/modern alternative rock/uk pop/hip pop/post-teen pop/pov: indie,2020-12-11,214706,82,0.833,0.392,0.574,0.00179,7,0.145,-9.195,1,0.17,81.112,4,0.529
28,0sY6ZUTh4yoctD8VIXz339,champagne problems,evermore,Taylor Swift,pop,Little Mix/Selena Gomez & The Scene/The 1975/Dua Lipa/Jonas Brothers/One Direction/Niall Horan/Camila Cabello/Alessia Cara/Selena Gomez/Halsey/Meghan Trainor/Louis Tomlinson/Troye Sivan/Demi Lovato/Harry Styles/Ariana Grande/Katy Perry/Fifth Harmony/5 Seconds of Summer,modern rock/dance pop/etherpop/boy band/electropop/viral pop/rock/girl group/australian pop/canadian pop/canadian contemporary r&b/indie poptimism/talent show/modern alternative rock/uk pop/hip pop/post-teen pop/pov: indie,2020-12-11,244000,83,0.92,0.462,0.24,0.0,0,0.113,-12.077,1,0.0377,171.319,4,0.32
29,5BK0uqwY9DNfZ630STAEaq,gold rush,evermore,Taylor Swift,pop,Little Mix/Selena Gomez & The Scene/The 1975/Dua Lipa/Jonas Brothers/One Direction/Niall Horan/Camila Cabello/Alessia Cara/Selena Gomez/Halsey/Meghan Trainor/Louis Tomlinson/Troye Sivan/Demi Lovato/Harry Styles/Ariana Grande/Katy Perry/Fifth Harmony/5 Seconds of Summer,modern rock/dance pop/etherpop/boy band/electropop/viral pop/rock/girl group/australian pop/canadian pop/canadian contemporary r&b/indie poptimism/talent show/modern alternative rock/uk pop/hip pop/post-teen pop/pov: indie,2020-12-11,185320,74,0.83,0.512,0.462,0.166,9,0.121,-10.491,1,0.0408,112.05,4,0.353
30,7dW84mWkdWE5a6lFWxJCBG,‘tis the damn season,evermore,Taylor Swift,pop,Little Mix/Selena Gomez & The Scene/The 1975/Dua Lipa/Jonas Brothers/One Direction/Niall Horan/Camila Cabello/Alessia Cara/Selena Gomez/Halsey/Meghan Trainor/Louis Tomlinson/Troye Sivan/Demi Lovato/Harry Styles/Ariana Grande/Katy Perry/Fifth Harmony/5 Seconds of Summer,modern rock/dance pop/etherpop/boy band/electropop/viral pop/rock/girl group/australian pop/canadian pop/canadian contemporary r&b/indie poptimism/talent show/modern alternative rock/uk pop/hip pop/post-teen pop/pov: indie,2020-12-11,229840,76,0.735,0.575,0.434,6.59e-05,5,0.105,-8.193,1,0.0312,145.916,4,0.348
31,0PurA4JVJ8YQgSVopY8fn6,tolerate it,evermore,Taylor Swift,pop,Little Mix/Selena Gomez & The Scene/The 1975/Dua Lipa/Jonas Brothers/One Direction/Niall Horan/Camila Cabello/Alessia Cara/Selena Gomez/Halsey/Meghan Trainor/Louis Tomlinson/Troye Sivan/Demi Lovato/Harry Styles/Ariana Grande/Katy Perry/Fifth Harmony/5 Seconds of Summer,modern rock/dance pop/etherpop/boy band/electropop/viral pop/rock/girl group/australian pop/canadian pop/canadian contemporary r&b/indie poptimism/talent show/modern alternative rock/uk pop/hip pop/post-teen pop/pov: indie,2020-12-11,245440,78,0.878,0.316,0.361,2.67e-05,9,0.0797,-10.381,1,0.0488,74.952,5,0.221
32,3RaT22zZsxVYxxKR7TAaYF,"no body, no crime (feat. HAIM)",evermore,Taylor Swift,pop,Little Mix/Selena Gomez & The Scene/The 1975/Dua Lipa/Jonas Brothers/One Direction/Niall Horan/Camila Cabello/Alessia Cara/Selena Gomez/Halsey/Meghan Trainor/Louis Tomlinson/Troye Sivan/Demi Lovato/Harry Styles/Ariana Grande/Katy Perry/Fifth Harmony/5 Seconds of Summer,modern rock/dance pop/etherpop/boy band/electropop/viral pop/rock/girl group/australian pop/canadian pop/canadian contemporary r&b/indie poptimism/talent show/modern alternative rock/uk pop/hip pop/post-teen pop/pov: indie,2020-12-11,215626,75,0.418,0.546,0.613,0.0,7,0.103,-7.589,0,0.0264,79.015,4,0.535
33,73YUReisjb3A9ActdLLjJQ,happiness,evermore,Taylor Swift,pop,Little Mix/Selena Gomez & The Scene/The 1975/Dua Lipa/Jonas Brothers/One Direction/Niall Horan/Camila Cabello/Alessia Cara/Selena Gomez/Halsey/Meghan Trainor/Louis Tomlinson/Troye Sivan/Demi Lovato/Harry Styles/Ariana Grande/Katy Perry/Fifth Harmony/5 Seconds of Summer,modern rock/dance pop/etherpop/boy band/electropop/viral pop/rock/girl group/australian pop/canadian pop/canadian contemporary r&b/indie poptimism/talent show/modern alternative rock/uk pop/hip pop/post-teen pop/pov: indie,2020-12-11,315146,70,0.87,0.559,0.334,0.0,11,0.114,-10.733,1,0.0376,122.079,4,0.211
34,670fUmXf4KQekzbEgaXyPA,dorothea,evermore,Taylor Swift,pop,Little Mix/Selena Gomez & The Scene/The 1975/Dua Lipa/Jonas Brothers/One Direction/Niall Horan/Camila Cabello/Alessia Cara/Selena Gomez/Halsey/Meghan Trainor/Louis Tomlinson/Troye Sivan/Demi Lovato/Harry Styles/Ariana Grande/Katy Perry/Fifth Harmony/5 Seconds of Summer,modern rock/dance pop/etherpop/boy band/electropop/viral pop/rock/girl group/australian pop/canadian pop/canadian contemporary r&b/indie poptimism/talent show/modern alternative rock/uk pop/hip pop/post-teen pop/pov: indie,2020-12-11,225880,69,0.696,0.605,0.488,0.0,4,0.129,-8.322,1,0.0264,119.966,4,0.354
35,3k7ne7VmH43ZPWxPdvPUgR,coney island (feat. The National),evermore,Taylor Swift,pop,Little Mix/Selena Gomez & The Scene/The 1975/Dua Lipa/Jonas Brothers/One Direction/Niall Horan/Camila Cabello/Alessia Cara/Selena Gomez/Halsey/Meghan Trainor/Louis Tomlinson/Troye Sivan/Demi Lovato/Harry Styles/Ariana Grande/Katy Perry/Fifth Harmony/5 Seconds of Summer,modern rock/dance pop/etherpop/boy band/electropop/viral pop/rock/girl group/australian pop/canadian pop/canadian contemporary r&b/indie poptimism/talent show/modern alternative rock/uk pop/hip pop/post-teen pop/pov: indie,2020-12-11,275320,69,0.819,0.537,0.537,0.000904,8,0.142,-11.266,1,0.0617,107.895,4,0.292
36,19CSr8rwW05VJL2F91KFNK,ivy,evermore,Taylor Swift,pop,Little Mix/Selena Gomez & The Scene/The 1975/Dua Lipa/Jonas Brothers/One Direction/Niall Horan/Camila Cabello/Alessia Cara/Selena Gomez/Halsey/Meghan Trainor/Louis Tomlinson/Troye Sivan/Demi Lovato/Harry Styles/Ariana Grande/Katy Perry/Fifth Harmony/5 Seconds of Summer,modern rock/dance pop/etherpop/boy band/electropop/viral pop/rock/girl group/australian pop/canadian pop/canadian contemporary r&b/indie poptimism/talent show/modern alternative rock/uk pop/hip pop/post-teen pop/pov: indie,2020-12-11,260440,73,0.855,0.515,0.545,1.97e-05,2,0.0921,-9.277,1,0.0353,88.856,4,0.535
37,1XjHRolIXL2M1EEOUsGGR4,cowboy like me,evermore,Taylor Swift,pop,Little Mix/Selena Gomez & The Scene/The 1975/Dua Lipa/Jonas Brothers/One Direction/Niall Horan/Camila Cabello/Alessia Cara/Selena Gomez/Halsey/Meghan Trainor/Louis Tomlinson/Troye Sivan/Demi Lovato/Harry Styles/Ariana Grande/Katy Perry/Fifth Harmony/5 Seconds of Summer,modern rock/dance pop/etherpop/boy band/electropop/viral pop/rock/girl group/australian pop/canadian pop/canadian contemporary r&b/indie poptimism/talent show/modern alternative rock/uk pop/hip pop/post-teen pop/pov: indie,2020-12-11,275040,72,0.768,0.604,0.517,0.000155,0,0.123,-9.014,1,0.0347,127.967,4,0.511
38,2o2sgVJIgFXk8GQjWTgI6U,long story short,evermore,Taylor Swift,pop,Little Mix/Selena Gomez & The Scene/The 1975/Dua Lipa/Jonas Brothers/One Direction/Niall Horan/Camila Cabello/Alessia Cara/Selena Gomez/Halsey/Meghan Trainor/Louis Tomlinson/Troye Sivan/Demi Lovato/Harry Styles/Ariana Grande/Katy Perry/Fifth Harmony/5 Seconds of Summer,modern rock/dance pop/etherpop/boy band/electropop/viral pop/rock/girl group/australian pop/canadian pop/canadian contemporary r&b/indie poptimism/talent show/modern alternative rock/uk pop/hip pop/post-teen pop/pov: indie,2020-12-11,215920,69,0.66,0.546,0.73,0.179,0,0.0972,-7.704,1,0.0417,157.895,4,0.573
39,12ntTeqEeTg7GAVpe8Mhpl,marjorie,evermore,Taylor Swift,pop,Little Mix/Selena Gomez & The Scene/The 1975/Dua Lipa/Jonas Brothers/One Direction/Niall Horan/Camila Cabello/Alessia Cara/Selena Gomez/Halsey/Meghan Trainor/Louis Tomlinson/Troye Sivan/Demi Lovato/Harry Styles/Ariana Grande/Katy Perry/Fifth Harmony/5 Seconds of Summer,modern rock/dance pop/etherpop/boy band/electropop/viral pop/rock/girl group/australian pop/canadian pop/canadian contemporary r&b/indie poptimism/talent show/modern alternative rock/uk pop/hip pop/post-teen pop/pov: indie,2020-12-11,257773,75,0.876,0.535,0.561,0.000136,5,0.115,-11.609,1,0.0484,96.103,4,0.287
40,35rdVq36LMHQX0Suw9a6tK,closure,evermore,Taylor Swift,pop,Little Mix/Selena Gomez & The Scene/The 1975/Dua Lipa/Jonas Brothers/One Direction/Niall Horan/Camila Cabello/Alessia Cara/Selena Gomez/Halsey/Meghan Trainor/Louis Tomlinson/Troye Sivan/Demi Lovato/Harry Styles/Ariana Grande/Katy Perry/Fifth Harmony/5 Seconds of Summer,modern rock/dance pop/etherpop/boy band/electropop/viral pop/rock/girl group/australian pop/canadian pop/canadian contemporary r&b/indie poptimism/talent show/modern alternative rock/uk pop/hip pop/post-teen pop/pov: indie,2020-12-11,180653,67,0.835,0.689,0.704,4.83e-06,9,0.134,-10.813,1,0.245,151.884,5,0.92
41,3O5osWf1rSoKMwe6E9ZaXP,evermore (feat. Bon Iver),evermore,Taylor Swift,pop,Little Mix/Selena Gomez & The Scene/The 1975/Dua Lipa/Jonas Brothers/One Direction/Niall Horan/Camila Cabello/Alessia Cara/Selena Gomez/Halsey/Meghan Trainor/Louis Tomlinson/Troye Sivan/Demi Lovato/Harry Styles/Ariana Grande/Katy Perry/Fifth Harmony/5 Seconds of Summer,modern rock/dance pop/etherpop/boy band/electropop/viral pop/rock/girl group/australian pop/canadian pop/canadian contemporary r&b/indie poptimism/talent show/modern alternative rock/uk pop/hip pop/post-teen pop/pov: indie,2020-12-11,304106,70,0.937,0.39,0.27,0.00227,1,0.111,-10.673,1,0.0308,125.177,5,0.32
42,2BxGUHYALj0a1Dxbj1Yw4Y,Broken Whiskey Glass,Stoney,Post Malone,rap/melodic rap/dfw rap/pop,A$AP Ferg/Desiigner/Quality Control/Rae Sremmurd/Huncho Jack/Migos/Cordae/SAINt JHN/Lil Mosey/Young Thug/6LACK/mike./Quavo/Bazzi/Jaden/NAV/Arizona Zervas/Tyla Yaweh/The Kid LAROI/Fetty Wap,pop rap/rap conscient/rhode island rap/indie pop rap/atl trap/new jersey rap/underground hip hop/slap house/mississippi hip hop/southern hip hop/atl hip hop/hip hop/australian hip hop/canadian hip hop/trap/cali rap/r&b/canadian trap/viral trap/gangster rap,2016-12-09,233813,37,0.289,0.512,0.673,3.04e-06,0,0.126,-7.359,1,0.0523,99.84,4,0.11
43,4Bio0KwSl8xq7ge5qGGIHv,Big Lie,Stoney,Post Malone,rap/melodic rap/dfw rap/pop,A$AP Ferg/Desiigner/Quality Control/Rae Sremmurd/Huncho Jack/Migos/Cordae/SAINt JHN/Lil Mosey/Young Thug/6LACK/mike./Quavo/Bazzi/Jaden/NAV/Arizona Zervas/Tyla Yaweh/The Kid LAROI/Fetty Wap,pop rap/rap conscient/rhode island rap/indie pop rap/atl trap/new jersey rap/underground hip hop/slap house/mississippi hip hop/southern hip hop/atl hip hop/hip hop/australian hip hop/canadian hip hop/trap/cali rap/r&b/canadian trap/viral trap/gangster rap,2016-12-09,207680,37,0.191,0.442,0.684,0.0,6,0.0725,-4.888,0,0.168,170.861,4,0.218
44,04rxhNRD9t4SxNVWHqEO8u,Deja Vu,Stoney,Post Malone,rap/melodic rap/dfw rap/pop,A$AP Ferg/Desiigner/Quality Control/Rae Sremmurd/Huncho Jack/Migos/Cordae/SAINt JHN/Lil Mosey/Young Thug/6LACK/mike./Quavo/Bazzi/Jaden/NAV/Arizona Zervas/Tyla Yaweh/The Kid LAROI/Fetty Wap,pop rap/rap conscient/rhode island rap/indie pop rap/atl trap/new jersey rap/underground hip hop/slap house/mississippi hip hop/southern hip hop/atl hip hop/hip hop/australian hip hop/canadian hip hop/trap/cali rap/r&b/canadian trap/viral trap/gangster rap,2016-12-09,234213,39,0.0931,0.62,0.69,0.0,7,0.131,-6.508,1,0.0493,133.935,4,0.331
45,6lKpSNsl2KJqoRtlBbKI7Y,No Option,Stoney,Post Malone,rap/melodic rap/dfw rap/pop,A$AP Ferg/Desiigner/Quality Control/Rae Sremmurd/Huncho Jack/Migos/Cordae/SAINt JHN/Lil Mosey/Young Thug/6LACK/mike./Quavo/Bazzi/Jaden/NAV/Arizona Zervas/Tyla Yaweh/The Kid LAROI/Fetty Wap,pop rap/rap conscient/rhode island rap/indie pop rap/atl trap/new jersey rap/underground hip hop/slap house/mississippi hip hop/southern hip hop/atl hip hop/hip hop/australian hip hop/canadian hip hop/trap/cali rap/r&b/canadian trap/viral trap/gangster rap,2016-12-09,179826,38,0.0757,0.575,0.734,0.0,2,0.241,-4.949,1,0.057,83.986,4,0.494
46,1M97ctHDzQzyFJr2d61CAy,Cold,Stoney,Post Malone,rap/melodic rap/dfw rap/pop,A$AP Ferg/Desiigner/Quality Control/Rae Sremmurd/Huncho Jack/Migos/Cordae/SAINt JHN/Lil Mosey/Young Thug/6LACK/mike./Quavo/Bazzi/Jaden/NAV/Arizona Zervas/Tyla Yaweh/The Kid LAROI/Fetty Wap,pop rap/rap conscient/rhode island rap/indie pop rap/atl trap/new jersey rap/underground hip hop/slap house/mississippi hip hop/southern hip hop/atl hip hop/hip hop/australian hip hop/canadian hip hop/trap/cali rap/r&b/canadian trap/viral trap/gangster rap,2016-12-09,268933,35,0.647,0.67,0.572,4.72e-06,4,0.104,-7.312,0,0.0415,132.98,4,0.259
47,5kaOnQI5luApBdnahM3V2N,White Iverson,Stoney,Post Malone,rap/melodic rap/dfw rap/pop,A$AP Ferg/Desiigner/Quality Control/Rae Sremmurd/Huncho Jack/Migos/Cordae/SAINt JHN/Lil Mosey/Young Thug/6LACK/mike./Quavo/Bazzi/Jaden/NAV/Arizona Zervas/Tyla Yaweh/The Kid LAROI/Fetty Wap,pop rap/rap conscient/rhode island rap/indie pop rap/atl trap/new jersey rap/underground hip hop/slap house/mississippi hip hop/southern hip hop/atl hip hop/hip hop/australian hip hop/canadian hip hop/trap/cali rap/r&b/canadian trap/viral trap/gangster rap,2016-12-09,256532,45,0.233,0.675,0.562,0.0,7,0.0816,-7.678,1,0.0352,130.098,4,0.309
48,6bFrZX74iudanCuwP63LTX,I Fall Apart,Stoney,Post Malone,rap/melodic rap/dfw rap/pop,A$AP Ferg/Desiigner/Quality Control/Rae Sremmurd/Huncho Jack/Migos/Cordae/SAINt JHN/Lil Mosey/Young Thug/6LACK/mike./Quavo/Bazzi/Jaden/NAV/Arizona Zervas/Tyla Yaweh/The Kid LAROI/Fetty Wap,pop rap/rap conscient/rhode island rap/indie pop rap/atl trap/new jersey rap/underground hip hop/slap house/mississippi hip hop/southern hip hop/atl hip hop/hip hop/australian hip hop/canadian hip hop/trap/cali rap/r&b/canadian trap/viral trap/gangster rap,2016-12-09,223346,44,0.0689,0.556,0.538,0.0,8,0.196,-5.408,0,0.0382,143.95,4,0.291
49,0GgQouk3XBQVBRpJyW25Nn,Patient,Stoney,Post Malone,rap/melodic rap/dfw rap/pop,A$AP Ferg/Desiigner/Quality Control/Rae Sremmurd/Huncho Jack/Migos/Cordae/SAINt JHN/Lil Mosey/Young Thug/6LACK/mike./Quavo/Bazzi/Jaden/NAV/Arizona Zervas/Tyla Yaweh/The Kid LAROI/Fetty Wap,pop rap/rap conscient/rhode island rap/indie pop rap/atl trap/new jersey rap/underground hip hop/slap house/mississippi hip hop/southern hip hop/atl hip hop/hip hop/australian hip hop/canadian hip hop/trap/cali rap/r&b/canadian trap/viral trap/gangster rap,2016-12-09,194333,37,0.565,0.743,0.662,0.0,5,0.128,-6.108,0,0.179,89.975,4,0.552
50,1gMMxgDbbY8Qm5xM3mBE69,Go Flex,Stoney,Post Malone,rap/melodic rap/dfw rap/pop,A$AP Ferg/Desiigner/Quality Control/Rae Sremmurd/Huncho Jack/Migos/Cordae/SAINt JHN/Lil Mosey/Young Thug/6LACK/mike./Quavo/Bazzi/Jaden/NAV/Arizona Zervas/Tyla Yaweh/The Kid LAROI/Fetty Wap,pop rap/rap conscient/rhode island rap/indie pop rap/atl trap/new jersey rap/underground hip hop/slap house/mississippi hip hop/southern hip hop/atl hip hop/hip hop/australian hip hop/canadian hip hop/trap/cali rap/r&b/canadian trap/viral trap/gangster rap,2016-12-09,179613,44,0.228,0.665,0.498,0.0,5,0.0757,-8.185,1,0.0832,81.967,4,0.127
51,5nelqHxdJGfPOLt2bbO7eT,Feel,Stoney,Post Malone,rap/melodic rap/dfw rap/pop,A$AP Ferg/Desiigner/Quality Control/Rae Sremmurd/Huncho Jack/Migos/Cordae/SAINt JHN/Lil Mosey/Young Thug/6LACK/mike./Quavo/Bazzi/Jaden/NAV/Arizona Zervas/Tyla Yaweh/The Kid LAROI/Fetty Wap,pop rap/rap conscient/rhode island rap/indie pop rap/atl trap/new jersey rap/underground hip hop/slap house/mississippi hip hop/southern hip hop/atl hip hop/hip hop/australian hip hop/canadian hip hop/trap/cali rap/r&b/canadian trap/viral trap/gangster rap,2016-12-09,197120,36,0.214,0.497,0.507,4.79e-06,5,0.0948,-8.075,0,0.0585,119.432,4,0.192
52,1GccVBNboZ77oSBMYaUpo2,Too Young,Stoney,Post Malone,rap/melodic rap/dfw rap/pop,A$AP Ferg/Desiigner/Quality Control/Rae Sremmurd/Huncho Jack/Migos/Cordae/SAINt JHN/Lil Mosey/Young Thug/6LACK/mike./Quavo/Bazzi/Jaden/NAV/Arizona Zervas/Tyla Yaweh/The Kid LAROI/Fetty Wap,pop rap/rap conscient/rhode island rap/indie pop rap/atl trap/new jersey rap/underground hip hop/slap house/mississippi hip hop/southern hip hop/atl hip hop/hip hop/australian hip hop/canadian hip hop/trap/cali rap/r&b/canadian trap/viral trap/gangster rap,2016-12-09,237146,38,0.271,0.602,0.635,3.2e-05,4,0.0829,-6.526,0,0.052,123.05,4,0.225
53,14LOPYFegGakg50LJbVeai,Congratulations,Stoney,Post Malone,rap/melodic rap/dfw rap/pop,A$AP Ferg/Desiigner/Quality Control/Rae Sremmurd/Huncho Jack/Migos/Cordae/SAINt JHN/Lil Mosey/Young Thug/6LACK/mike./Quavo/Bazzi/Jaden/NAV/Arizona Zervas/Tyla Yaweh/The Kid LAROI/Fetty Wap,pop rap/rap conscient/rhode island rap/indie pop rap/atl trap/new jersey rap/underground hip hop/slap house/mississippi hip hop/southern hip hop/atl hip hop/hip hop/australian hip hop/canadian hip hop/trap/cali rap/r&b/canadian trap/viral trap/gangster rap,2016-12-09,220293,45,0.215,0.63,0.804,0.0,6,0.253,-4.183,1,0.0363,123.146,4,0.492
54,1ptIfvfmXFt9zW7mxUOQwZ,Up There,Stoney,Post Malone,rap/melodic rap/dfw rap/pop,A$AP Ferg/Desiigner/Quality Control/Rae Sremmurd/Huncho Jack/Migos/Cordae/SAINt JHN/Lil Mosey/Young Thug/6LACK/mike./Quavo/Bazzi/Jaden/NAV/Arizona Zervas/Tyla Yaweh/The Kid LAROI/Fetty Wap,pop rap/rap conscient/rhode island rap/indie pop rap/atl trap/new jersey rap/underground hip hop/slap house/mississippi hip hop/southern hip hop/atl hip hop/hip hop/australian hip hop/canadian hip hop/trap/cali rap/r&b/canadian trap/viral trap/gangster rap,2016-12-09,194826,36,0.373,0.654,0.378,1.07e-05,5,0.0971,-8.108,0,0.0322,72.976,4,0.437
55,7IbYlEPA46MXXlkGJ9LYJk,"Yours Truly, Austin Post",Stoney,Post Malone,rap/melodic rap/dfw rap/pop,A$AP Ferg/Desiigner/Quality Control/Rae Sremmurd/Huncho Jack/Migos/Cordae/SAINt JHN/Lil Mosey/Young Thug/6LACK/mike./Quavo/Bazzi/Jaden/NAV/Arizona Zervas/Tyla Yaweh/The Kid LAROI/Fetty Wap,pop rap/rap conscient/rhode island rap/indie pop rap/atl trap/new jersey rap/underground hip hop/slap house/mississippi hip hop/southern hip hop/atl hip hop/hip hop/australian hip hop/canadian hip hop/trap/cali rap/r&b/canadian trap/viral trap/gangster rap,2016-12-09,219160,35,0.483,0.649,0.618,2.53e-06,6,0.166,-5.694,1,0.0672,125.977,4,0.421
56,7h0d2h0fUmzbs7zeFigJPn,HIGHEST IN THE ROOM (feat. ROSALÍA & Lil Baby) - REMIX,JACKBOYS,JACKBOYS,pop rap,A$AP Mob/Quality Control/CHASE B/Young Stoner Life/88GLAM/Huncho Jack/Don Toliver/Pi’erre Bourne/Sheck Wes/Rich The Kid/MadeinTYO/Lil Keed/Mustard/Quavo/Smokepurpp/Takeoff/NAV/Lil Gnar/Offset/Famous Dex,canadian hip hop/melodic rap/trap/plugg/cali rap/hip hop/drill/underground hip hop/canadian trap/chicago rap/rap/southern hip hop/miami hip hop/atl hip hop,2019-12-27,244873,67,0.0567,0.559,0.491,0.0,2,0.0992,-6.406,0,0.0346,153.131,4,0.114
57,62zKJrpbLxz6InR3tGyr7o,JACKBOYS,JACKBOYS,JACKBOYS,pop rap,A$AP Mob/Quality Control/CHASE B/Young Stoner Life/88GLAM/Huncho Jack/Don Toliver/Pi’erre Bourne/Sheck Wes/Rich The Kid/MadeinTYO/Lil Keed/Mustard/Quavo/Smokepurpp/Takeoff/NAV/Lil Gnar/Offset/Famous Dex,canadian hip hop/melodic rap/trap/plugg/cali rap/hip hop/drill/underground hip hop/canadian trap/chicago rap/rap/southern hip hop/miami hip hop/atl hip hop,2019-12-27,46836,56,0.9,0.413,0.13,0.82,0,0.111,-25.166,0,0.0336,123.342,1,0.0676
58,6uJONCdr2rC65BNmCnTBWK,GANG GANG,JACKBOYS,JACKBOYS,pop rap,A$AP Mob/Quality Control/CHASE B/Young Stoner Life/88GLAM/Huncho Jack/Don Toliver/Pi’erre Bourne/Sheck Wes/Rich The Kid/MadeinTYO/Lil Keed/Mustard/Quavo/Smokepurpp/Takeoff/NAV/Lil Gnar/Offset/Famous Dex,canadian hip hop/melodic rap/trap/plugg/cali rap/hip hop/drill/underground hip hop/canadian trap/chicago rap/rap/southern hip hop/miami hip hop/atl hip hop,2019-12-27,244760,68,0.071,0.859,0.6,0.0,7,0.353,-4.63,0,0.301,123.017,4,0.568
59,7LGWmZaoS7jZJ5tEi9EcDi,HAD ENOUGH (feat. Quavo & Offset),JACKBOYS,JACKBOYS,pop rap,A$AP Mob/Quality Control/CHASE B/Young Stoner Life/88GLAM/Huncho Jack/Don Toliver/Pi’erre Bourne/Sheck Wes/Rich The Kid/MadeinTYO/Lil Keed/Mustard/Quavo/Smokepurpp/Takeoff/NAV/Lil Gnar/Offset/Famous Dex,canadian hip hop/melodic rap/trap/plugg/cali rap/hip hop/drill/underground hip hop/canadian trap/chicago rap/rap/southern hip hop/miami hip hop/atl hip hop,2019-12-27,157133,65,0.253,0.75,0.789,0.0,2,0.129,-4.578,1,0.108,147.957,4,0.673
60,6gi6y1xwmVszDWkUqab1qw,OUT WEST (feat. Young Thug),JACKBOYS,JACKBOYS,pop rap,A$AP Mob/Quality Control/CHASE B/Young Stoner Life/88GLAM/Huncho Jack/Don Toliver/Pi’erre Bourne/Sheck Wes/Rich The Kid/MadeinTYO/Lil Keed/Mustard/Quavo/Smokepurpp/Takeoff/NAV/Lil Gnar/Offset/Famous Dex,canadian hip hop/melodic rap/trap/plugg/cali rap/hip hop/drill/underground hip hop/canadian trap/chicago rap/rap/southern hip hop/miami hip hop/atl hip hop,2019-12-27,157712,79,0.0104,0.802,0.591,0.0,8,0.196,-4.895,1,0.225,139.864,4,0.309
61,4AO1XhrgJczQ9bNVxdfKQe,WHAT TO DO? (feat. Don Toliver),JACKBOYS,JACKBOYS,pop rap,A$AP Mob/Quality Control/CHASE B/Young Stoner Life/88GLAM/Huncho Jack/Don Toliver/Pi’erre Bourne/Sheck Wes/Rich The Kid/MadeinTYO/Lil Keed/Mustard/Quavo/Smokepurpp/Takeoff/NAV/Lil Gnar/Offset/Famous Dex,canadian hip hop/melodic rap/trap/plugg/cali rap/hip hop/drill/underground hip hop/canadian trap/chicago rap/rap/southern hip hop/miami hip hop/atl hip hop,2019-12-27,250141,69,0.0695,0.643,0.594,1.46e-05,9,0.115,-5.191,0,0.0312,118.037,4,0.195
62,40mjsnRjCpycdUw3xhS20g,GATTI,JACKBOYS,JACKBOYS,pop rap,A$AP Mob/Quality Control/CHASE B/Young Stoner Life/88GLAM/Huncho Jack/Don Toliver/Pi’erre Bourne/Sheck Wes/Rich The Kid/MadeinTYO/Lil Keed/Mustard/Quavo/Smokepurpp/Takeoff/NAV/Lil Gnar/Offset/Famous Dex,canadian hip hop/melodic rap/trap/plugg/cali rap/hip hop/drill/underground hip hop/canadian trap/chicago rap/rap/southern hip hop/miami hip hop/atl hip hop,2019-12-27,181144,77,0.135,0.594,0.676,0.0,2,0.163,-5.808,1,0.344,143.477,4,0.472
63,6ckozbGmOusAnLT2LEbERy,Fight Fire With Fire - Remastered,Ride The Lightning (Remastered),Metallica,metal/old school thrash/thrash metal/rock/hard rock,Testament/Kreator/Pantera/Black Label Society/Ozzy Osbourne/Black Sabbath/Megadeth/Danzig/Judas Priest/Machine Head/Anthrax/Slayer/White Zombie/Dio/Airbourne/Iron Maiden/Motörhead/Lamb of God/Sepultura/Alice In Chains,melodic thrash/brazilian groove metal/death metal/speed metal/deathrash/brazilian thrash metal/melodic groove metal/nwobhm/glam metal/texas metal/virginia metal/latin metal/industrial metal/stoner rock/uk doom metal/grunge/german thrash metal/classic rock/melodic metalcore/alternative metal/german metal/brazilian metal/nu metal/progressive groove metal/groove metal/album rock/alternative rock/birmingham metal/punk/post-grunge/metal mineiro/rap metal,1984-07-26,284506,61,3.75e-05,0.283,0.988,0.728,0,0.0712,-7.017,1,0.111,90.791,4,0.133
64,4d50VgYqfw1Rd0knRRL3qv,Ride The Lightning - Remastered,Ride The Lightning (Remastered),Metallica,metal/old school thrash/thrash metal/rock/hard rock,Testament/Kreator/Pantera/Black Label Society/Ozzy Osbourne/Black Sabbath/Megadeth/Danzig/Judas Priest/Machine Head/Anthrax/Slayer/White Zombie/Dio/Airbourne/Iron Maiden/Motörhead/Lamb of God/Sepultura/Alice In Chains,melodic thrash/brazilian groove metal/death metal/speed metal/deathrash/brazilian thrash metal/melodic groove metal/nwobhm/glam metal/texas metal/virginia metal/latin metal/industrial metal/stoner rock/uk doom metal/grunge/german thrash metal/classic rock/melodic metalcore/alternative metal/german metal/brazilian metal/nu metal/progressive groove metal/groove metal/album rock/alternative rock/birmingham metal/punk/post-grunge/metal mineiro/rap metal,1984-07-26,396986,58,6.07e-05,0.257,0.975,0.1,9,0.222,-6.128,1,0.175,149.312,4,0.276
65,2dXsILW8gzkosqleHAvl0v,For Whom The Bell Tolls - Remastered,Ride The Lightning (Remastered),Metallica,metal/old school thrash/thrash metal/rock/hard rock,Testament/Kreator/Pantera/Black Label Society/Ozzy Osbourne/Black Sabbath/Megadeth/Danzig/Judas Priest/Machine Head/Anthrax/Slayer/White Zombie/Dio/Airbourne/Iron Maiden/Motörhead/Lamb of God/Sepultura/Alice In Chains,melodic thrash/brazilian groove metal/death metal/speed metal/deathrash/brazilian thrash metal/melodic groove metal/nwobhm/glam metal/texas metal/virginia metal/latin metal/industrial metal/stoner rock/uk doom metal/grunge/german thrash metal/classic rock/melodic metalcore/alternative metal/german metal/brazilian metal/nu metal/progressive groove metal/groove metal/album rock/alternative rock/birmingham metal/punk/post-grunge/metal mineiro/rap metal,1984-07-26,309973,75,0.00563,0.518,0.858,0.00349,0,0.0598,-6.147,1,0.0672,117.897,4,0.249
66,7866E49sLyI938dEqxi8a4,Fade To Black - Remastered,Ride The Lightning (Remastered),Metallica,metal/old school thrash/thrash metal/rock/hard rock,Testament/Kreator/Pantera/Black Label Society/Ozzy Osbourne/Black Sabbath/Megadeth/Danzig/Judas Priest/Machine Head/Anthrax/Slayer/White Zombie/Dio/Airbourne/Iron Maiden/Motörhead/Lamb of God/Sepultura/Alice In Chains,melodic thrash/brazilian groove metal/death metal/speed metal/deathrash/brazilian thrash metal/melodic groove metal/nwobhm/glam metal/texas metal/virginia metal/latin metal/industrial metal/stoner rock/uk doom metal/grunge/german thrash metal/classic rock/melodic metalcore/alternative metal/german metal/brazilian metal/nu metal/progressive groove metal/groove metal/album rock/alternative rock/birmingham metal/punk/post-grunge/metal mineiro/rap metal,1984-07-26,417226,58,0.00369,0.256,0.924,0.234,7,0.114,-6.685,1,0.113,113.574,4,0.28
67,3J8jTThxk8GtxyoupHtyrb,Trapped Under Ice - Remastered,Ride The Lightning (Remastered),Metallica,metal/old school thrash/thrash metal/rock/hard rock,Testament/Kreator/Pantera/Black Label Society/Ozzy Osbourne/Black Sabbath/Megadeth/Danzig/Judas Priest/Machine Head/Anthrax/Slayer/White Zombie/Dio/Airbourne/Iron Maiden/Motörhead/Lamb of God/Sepultura/Alice In Chains,melodic thrash/brazilian groove metal/death metal/speed metal/deathrash/brazilian thrash metal/melodic groove metal/nwobhm/glam metal/texas metal/virginia metal/latin metal/industrial metal/stoner rock/uk doom metal/grunge/german thrash metal/classic rock/melodic metalcore/alternative metal/german metal/brazilian metal/nu metal/progressive groove metal/groove metal/album rock/alternative rock/birmingham metal/punk/post-grunge/metal mineiro/rap metal,1984-07-26,244066,58,8.81e-05,0.252,0.988,0.0451,9,0.0516,-5.291,1,0.203,162.945,4,0.0529
68,6Kjwg4dmlA5UUqOvWXbiar,Escape - Remastered,Ride The Lightning (Remastered),Metallica,metal/old school thrash/thrash metal/rock/hard rock,Testament/Kreator/Pantera/Black Label Society/Ozzy Osbourne/Black Sabbath/Megadeth/Danzig/Judas Priest/Machine Head/Anthrax/Slayer/White Zombie/Dio/Airbourne/Iron Maiden/Motörhead/Lamb of God/Sepultura/Alice In Chains,melodic thrash/brazilian groove metal/death metal/speed metal/deathrash/brazilian thrash metal/melodic groove metal/nwobhm/glam metal/texas metal/virginia metal/latin metal/industrial metal/stoner rock/uk doom metal/grunge/german thrash metal/classic rock/melodic metalcore/alternative metal/german metal/brazilian metal/nu metal/progressive groove metal/groove metal/album rock/alternative rock/birmingham metal/punk/post-grunge/metal mineiro/rap metal,1984-07-26,263866,51,0.00144,0.257,0.941,0.498,4,0.176,-5.864,1,0.0952,144.142,4,0.541
69,4CLRLdxUDPNeO1xCW0U2zC,Creeping Death - Remastered,Ride The Lightning (Remastered),Metallica,metal/old school thrash/thrash metal/rock/hard rock,Testament/Kreator/Pantera/Black Label Society/Ozzy Osbourne/Black Sabbath/Megadeth/Danzig/Judas Priest/Machine Head/Anthrax/Slayer/White Zombie/Dio/Airbourne/Iron Maiden/Motörhead/Lamb of God/Sepultura/Alice In Chains,melodic thrash/brazilian groove metal/death metal/speed metal/deathrash/brazilian thrash metal/melodic groove metal/nwobhm/glam metal/texas metal/virginia metal/latin metal/industrial metal/stoner rock/uk doom metal/grunge/german thrash metal/classic rock/melodic metalcore/alternative metal/german metal/brazilian metal/nu metal/progressive groove metal/groove metal/album rock/alternative rock/birmingham metal/punk/post-grunge/metal mineiro/rap metal,1984-07-26,395706,59,0.000249,0.29,0.977,0.257,4,0.0801,-5.487,1,0.169,100.919,4,0.166
70,53aVMHWjpz7gB2wGtAv3lD,The Call Of Ktulu - Remastered,Ride The Lightning (Remastered),Metallica,metal/old school thrash/thrash metal/rock/hard rock,Testament/Kreator/Pantera/Black Label Society/Ozzy Osbourne/Black Sabbath/Megadeth/Danzig/Judas Priest/Machine Head/Anthrax/Slayer/White Zombie/Dio/Airbourne/Iron Maiden/Motörhead/Lamb of God/Sepultura/Alice In Chains,melodic thrash/brazilian groove metal/death metal/speed metal/deathrash/brazilian thrash metal/melodic groove metal/nwobhm/glam metal/texas metal/virginia metal/latin metal/industrial metal/stoner rock/uk doom metal/grunge/german thrash metal/classic rock/melodic metalcore/alternative metal/german metal/brazilian metal/nu metal/progressive groove metal/groove metal/album rock/alternative rock/birmingham metal/punk/post-grunge/metal mineiro/rap metal,1984-07-26,533493,52,0.0226,0.31,0.926,0.857,9,0.21,-7.58,0,0.0994,139.012,4,0.158
